cohort_year,investors,avg_investment,total_invested
2024,4803,107422.54183205638,3491125187
2025,197,109158.5770609319,30455243
